<assessmentItem xmlns="http://www.imsglobal.org/xsd/imsqti_v2p1" xmlns:xsi="http://www.w3.org/2001/XMLSchema-instance" xsi:schemaLocation="http://www.imsglobal.org/xsd/imsqti_v2p1  http://www.imsglobal.org/xsd/qti/qtiv2p2/imsqti_v2p1.xsd" identifier="sat2_chi_2016_02" title="sat2_chi_2016_02" adaptive="false" timeDependent="false">
    <responseDeclaration identifier="r_1" cardinality="single" baseType="identifier">
        <correctResponse><value>r_1_D</value></correctResponse>
        <mapping defaultValue="0"><mapEntry mapKey="r_1_D" mappedValue="2"/></mapping>
       </responseDeclaration>
    <outcomeDeclaration identifier="SCORE" cardinality="single" baseType="float">
      <defaultValue>
        <value>0</value>
      </defaultValue>
    </outcomeDeclaration>
    <outcomeDeclaration identifier="SCORE_1" cardinality="single" baseType="float">
      <defaultValue>
        <value>0</value>
      </defaultValue>
      </outcomeDeclaration>
    <stylesheet href="styles/style.css" type="text/css"/>
    <itemBody xmlns="http://www.imsglobal.org/xsd/imsqti_v2p1">
    
    <p>閱讀下文，選出依序最適合填入<span class="kai">□</span>內的選項：</p>
    <p class="kai">
        一、讓我帶一筐星子回家／□一壺斑斕的夜送你／請在無星的時節／注入你寂寞的杯裡（黃用〈靜夜〉）<br/>
        二、醒來。窗外護欄上／模糊的站名正逐一倒退／還來不及從深陷中坐起／列車已節節□入黑夜的咽喉（溫奇〈夜過花東縱谷〉）<br/>
        三、永不疲倦的海浪／以□著鹽味的濤聲／提早把我們喚醒／三百六十五個黑夜累積在後面／要一次翻身，慢慢翻轉（詹澈〈等待千禧曙光〉）<br/>
    </p>
   <choiceInteraction responseIdentifier="r_1" shuffle="false" maxChoices="1">
      <simpleChoice identifier="r_1_A">灑 ／ 噬 ／ 抹</simpleChoice>
      <simpleChoice identifier="r_1_B">灑 ／ 舐 ／ 滲</simpleChoice>
      <simpleChoice identifier="r_1_C">釀 ／ 舐 ／ 抹</simpleChoice>
      <simpleChoice identifier="r_1_D">釀 ／ 噬 ／ 滲</simpleChoice>
    </choiceInteraction>
  </itemBody>
    <responseProcessing>
    <responseCondition>
          <responseIf>
            <not>
              <isNull>
                <variable identifier="r_1"/>
              </isNull>
            </not>
            <setOutcomeValue identifier="SCORE_1">
              <sum>
                <variable identifier="SCORE_1"/>
                <mapResponse identifier="r_1"/>
              </sum>
            </setOutcomeValue>
          </responseIf>
          </responseCondition><setOutcomeValue identifier="SCORE">
        <sum>
        <variable identifier="SCORE"/>
        <variable identifier="SCORE_1"/>
        </sum>
      </setOutcomeValue></responseProcessing>
    </assessmentItem>