<assessmentItem xmlns="http://www.imsglobal.org/xsd/imsqti_v2p1" xmlns:xsi="http://www.w3.org/2001/XMLSchema-instance" xsi:schemaLocation="http://www.imsglobal.org/xsd/imsqti_v2p1  http://www.imsglobal.org/xsd/qti/qtiv2p2/imsqti_v2p1.xsd" identifier="sat2_mathb_2016_02" title="sat2_mathb_2016_02" adaptive="false" timeDependent="false">
    <responseDeclaration identifier="r_1" cardinality="single" baseType="identifier">
        <correctResponse><value>r_1_4</value></correctResponse>
        <mapping defaultValue="0"><mapEntry mapKey="r_1_4" mappedValue="6"/></mapping>
       </responseDeclaration>
    <outcomeDeclaration identifier="SCORE" cardinality="single" baseType="float">
      <defaultValue>
        <value>0</value>
      </defaultValue>
    </outcomeDeclaration>
    <outcomeDeclaration identifier="SCORE_1" cardinality="single" baseType="float">
      <defaultValue>
        <value>0</value>
      </defaultValue>
      </outcomeDeclaration>
    <stylesheet href="styles/style.css" type="text/css"/>
    <itemBody xmlns="http://www.imsglobal.org/xsd/imsqti_v2p1">
    
    <p>考慮有理數 <math xmlns="http://www.w3.org/1998/Math/MathML" alttext="\frac{n}{m}">
  <mfrac>
    <mi>n</mi>
    <mi>m</mi>
  </mfrac>
</math>，其中 <math xmlns="http://www.w3.org/1998/Math/MathML" alttext="m">
  <mi>m</mi>
</math> 、 <math xmlns="http://www.w3.org/1998/Math/MathML" alttext="n">
  <mi>n</mi>
</math> 為正整數且 <math xmlns="http://www.w3.org/1998/Math/MathML" alttext="1 \le mn \le 8">
  <mn>1</mn>
  <mo>≤<!-- ≤ --></mo>
  <mi>m</mi>
  <mi>n</mi>
  <mo>≤<!-- ≤ --></mo>
  <mn>8</mn>
</math> 。 則這樣的數值（例如 <math xmlns="http://www.w3.org/1998/Math/MathML" alttext=" \frac{1}{2} ">
  <mfrac>
    <mn>1</mn>
    <mn>2</mn>
  </mfrac>
</math> 與 <math xmlns="http://www.w3.org/1998/Math/MathML" alttext=" \frac{2}{4}">
  <mfrac>
    <mn>2</mn>
    <mn>4</mn>
  </mfrac>
</math> 同值，只算一個）共有幾個？</p>
    <choiceInteraction responseIdentifier="r_1" shuffle="false" maxChoices="1" xmlns="http://www.imsglobal.org/xsd/imsqti_v2p1">
      <simpleChoice identifier="r_1_1">14 個</simpleChoice>
      <simpleChoice identifier="r_1_2">15 個</simpleChoice>
      <simpleChoice identifier="r_1_3">16 個</simpleChoice>
      <simpleChoice identifier="r_1_4">17 個</simpleChoice>
      <simpleChoice identifier="r_1_5">18 個</simpleChoice>
    </choiceInteraction>
  </itemBody>
    <responseProcessing>
    <responseCondition>
          <responseIf>
            <not>
              <isNull>
                <variable identifier="r_1"/>
              </isNull>
            </not>
            <setOutcomeValue identifier="SCORE_1">
              <sum>
                <variable identifier="SCORE_1"/>
                <mapResponse identifier="r_1"/>
              </sum>
            </setOutcomeValue>
          </responseIf>
          </responseCondition><setOutcomeValue identifier="SCORE">
        <sum>
        <variable identifier="SCORE"/>
        <variable identifier="SCORE_1"/>
        </sum>
      </setOutcomeValue></responseProcessing>
    </assessmentItem>