<manifest xmlns="http://www.imsglobal.org/xsd/imscp_v1p1" xmlns:xsi="http://www.w3.org/2001/XMLSchema-instance" xsi:schemaLocation="http://www.imsglobal.org/xsd/imscp_v1p1 http://www.imsglobal.org/xsd/qti/qtiv2p1/qtiv2p1_imscpv1p2_v1p0.xsd" identifier="manifest_sat2_chi_2016_22">
  <metadata>
    <schema>QTIv2.1 Package</schema>
    <schemaversion>1.0.0</schemaversion>
  </metadata>
  <organizations/>
  <resources>
  <resource identifier="sat2_chi_2016_22" type="imsqti_item_xmlv2p1" href="sat2_chi_2016_22.xml"><file href="sat2_chi_2016_22.xml"/><file href="styles/style.css"/></resource></resources>
</manifest>