<assessmentItem xmlns="http://www.imsglobal.org/xsd/imsqti_v2p1" xmlns:xsi="http://www.w3.org/2001/XMLSchema-instance" xsi:schemaLocation="http://www.imsglobal.org/xsd/imsqti_v2p1  http://www.imsglobal.org/xsd/qti/qtiv2p2/imsqti_v2p1.xsd" identifier="sat2_chi_2016_22" title="sat2_chi_2016_22" adaptive="false" timeDependent="false">
    <responseDeclaration identifier="r_1" cardinality="multiple" baseType="identifier">
        <correctResponse><value>r_1_BDE</value></correctResponse>
        <mapping defaultValue="-1"><mapEntry mapKey="r_1_B" mappedValue="1"/><mapEntry mapKey="r_1_D" mappedValue="1"/><mapEntry mapKey="r_1_E" mappedValue="1"/></mapping>
       </responseDeclaration>
    <outcomeDeclaration identifier="SCORE" cardinality="single" baseType="float">
      <defaultValue>
        <value>0</value>
      </defaultValue>
    </outcomeDeclaration>
    <outcomeDeclaration identifier="SCORE_1" cardinality="single" baseType="float">
      <defaultValue>
        <value>0</value>
      </defaultValue>
      </outcomeDeclaration>
    <stylesheet href="styles/style.css" type="text/css"/>
    <itemBody xmlns="http://www.imsglobal.org/xsd/imsqti_v2p1">
    
    <p>曹丕〈典論論文〉中「常人貴遠賤近」的「貴」，是「 以 … … 為貴」的意思 。</p>
   <choiceInteraction responseIdentifier="r_1" shuffle="false" maxChoices="0">
      <simpleChoice identifier="r_1_A">君子之學也以「美」其身</simpleChoice>
      <simpleChoice identifier="r_1_B">孟嘗君「怪」之，曰：此誰也</simpleChoice>
      <simpleChoice identifier="r_1_C">諸侯恐懼，會盟而謀「弱」秦</simpleChoice>
      <simpleChoice identifier="r_1_D">「甘」其食，美其服，安其居，樂其俗</simpleChoice>
      <simpleChoice identifier="r_1_E">人知從太守遊而樂，而不知太守之「樂」其樂也</simpleChoice>
    </choiceInteraction>
  </itemBody>
    <responseProcessing>
    <responseCondition>
          <responseIf>
            <isNull>
              <variable identifier="r_1"/>
            </isNull>
            <setOutcomeValue identifier="SCORE_1">
             <sum>
              <variable identifier="SCORE_1"/>
              <baseValue baseType="float">0.0</baseValue>
             </sum>
            </setOutcomeValue>
          </responseIf>
          <responseElse>
            <setOutcomeValue identifier="SCORE_1">
             <sum>
              <variable identifier="SCORE_1"/>
              <max>
                <baseValue baseType="float">0.0</baseValue>
                <product>
                  <baseValue baseType="float">3</baseValue>
                  <subtract>
                    <baseValue baseType="float">1.0</baseValue>
                    <divide>
                      <product>
                        <baseValue baseType="float">2.0</baseValue>
                        <subtract>
                          <baseValue baseType="float">3</baseValue>
                          <mapResponse identifier="r_1"/>
                        </subtract>
                      </product>
                      <baseValue baseType="float">5</baseValue>
                    </divide>
                  </subtract>
                </product>
              </max>
              </sum>
            </setOutcomeValue>
          </responseElse>
          </responseCondition><setOutcomeValue identifier="SCORE">
        <sum>
        <variable identifier="SCORE"/>
        <variable identifier="SCORE_1"/>
        </sum>
      </setOutcomeValue></responseProcessing>
    </assessmentItem>