<assessmentItem xmlns="http://www.imsglobal.org/xsd/imsqti_v2p1" xmlns:xsi="http://www.w3.org/2001/XMLSchema-instance" xsi:schemaLocation="http://www.imsglobal.org/xsd/imsqti_v2p1  http://www.imsglobal.org/xsd/qti/qtiv2p2/imsqti_v2p1.xsd" identifier="sat2_eng_2016_11_15" title="sat2_eng_2016_11_15" adaptive="false" timeDependent="false">
    <responseDeclaration identifier="r_1" cardinality="single" baseType="identifier">
            <correctResponse>
            <value>r_1_A</value>
            </correctResponse>
            </responseDeclaration><responseDeclaration identifier="r_2" cardinality="single" baseType="identifier">
            <correctResponse>
            <value>r_2_C</value>
            </correctResponse>
            </responseDeclaration><responseDeclaration identifier="r_3" cardinality="single" baseType="identifier">
            <correctResponse>
            <value>r_3_C</value>
            </correctResponse>
            </responseDeclaration><responseDeclaration identifier="r_4" cardinality="single" baseType="identifier">
            <correctResponse>
            <value>r_4_B</value>
            </correctResponse>
            </responseDeclaration><responseDeclaration identifier="r_5" cardinality="single" baseType="identifier">
            <correctResponse>
            <value>r_5_A</value>
            </correctResponse>
            </responseDeclaration>
    <outcomeDeclaration identifier="SCORE" cardinality="single" baseType="float">
      <defaultValue>
        <value>0</value>
      </defaultValue>
    </outcomeDeclaration>
    <outcomeDeclaration identifier="SCORE_1" cardinality="single" baseType="float">
        <defaultValue>
          <value>0</value>
        </defaultValue>
      </outcomeDeclaration><outcomeDeclaration identifier="SCORE_2" cardinality="single" baseType="float">
        <defaultValue>
          <value>0</value>
        </defaultValue>
      </outcomeDeclaration><outcomeDeclaration identifier="SCORE_3" cardinality="single" baseType="float">
        <defaultValue>
          <value>0</value>
        </defaultValue>
      </outcomeDeclaration><outcomeDeclaration identifier="SCORE_4" cardinality="single" baseType="float">
        <defaultValue>
          <value>0</value>
        </defaultValue>
      </outcomeDeclaration><outcomeDeclaration identifier="SCORE_5" cardinality="single" baseType="float">
        <defaultValue>
          <value>0</value>
        </defaultValue>
      </outcomeDeclaration>
    <stylesheet href="styles/style.css" type="text/css"/>
    <itemBody xmlns="http://www.imsglobal.org/xsd/imsqti_v2p1">
    
    <p>
      Have you been irritated by someone standing too close in line, talking too loud or making eye contact for too long? Or, they
      may have
      <inlineChoiceInteraction shuffle="false" required="false" responseIdentifier="r_1">
        <inlineChoice identifier="r_1_A">offended</inlineChoice>
        <inlineChoice identifier="r_1_B">controlled</inlineChoice>
        <inlineChoice identifier="r_1_C">acquired</inlineChoice>
        <inlineChoice identifier="r_1_D">supplied</inlineChoice>
      </inlineChoiceInteraction> you with the loud music from their earphones, or by taking up more than one seat on a crowded subway car. You feel unhappy because your personal space has been violated.
    </p>
    <p>
      According to scientists, personal space involves certain invisible forces imposed on you through all the
      <inlineChoiceInteraction shuffle="false" required="false" responseIdentifier="r_2">
        <inlineChoice identifier="r_2_A">angles</inlineChoice>
        <inlineChoice identifier="r_2_B">events</inlineChoice>
        <inlineChoice identifier="r_2_C">senses</inlineChoice>
        <inlineChoice identifier="r_2_D">regions</inlineChoice>
        </inlineChoiceInteraction>. For example, people may feel their space is being invaded when they experience an unwelcome sound, smell, or stare.
    </p>
    <p>In certain situations such as in crowded subway cars or elevators, it is not always possible for people to keep their
      <inlineChoiceInteraction shuffle="false" required="false" responseIdentifier="r_3">
        <inlineChoice identifier="r_3_A">prefer</inlineChoice>
        <inlineChoice identifier="r_3_B">preferring</inlineChoice>
        <inlineChoice identifier="r_3_C">preferred</inlineChoice>
        <inlineChoice identifier="r_3_D">being preferred</inlineChoice>
      </inlineChoiceInteraction> distance from others. They learn coping strategies to deal with their discomfort. For instance, people often avoid
      eye contact with someone standing
      <inlineChoiceInteraction shuffle="false" required="false" responseIdentifier="r_4">
        <inlineChoice identifier="r_4_A">long before</inlineChoice>
        <inlineChoice identifier="r_4_B">close to</inlineChoice>
        <inlineChoice identifier="r_4_C">aside from</inlineChoice>
        <inlineChoice identifier="r_4_D">soon after</inlineChoice>
      </inlineChoiceInteraction> them, or they pretend that these people are lifeless objects in their personal space. Given the opportunity, they may
      <inlineChoiceInteraction shuffle="false" required="false" responseIdentifier="r_5">
        <inlineChoice identifier="r_5_A">retreat</inlineChoice>
        <inlineChoice identifier="r_5_B">explore</inlineChoice>
        <inlineChoice identifier="r_5_C">dispense</inlineChoice>
        <inlineChoice identifier="r_5_D">connect</inlineChoice>
      </inlineChoiceInteraction> to a corner, putting distance between themselves and strangers. Or, they may sit or stand equidistant from one another
      like birds on a wire.
    </p>
  </itemBody>
    <responseProcessing>
    <responseCondition>
       <responseIf>
        <match>
          <variable identifier="r_1"/>
          <correct identifier="r_1"/>
        </match>
        <setOutcomeValue identifier="SCORE_1">
          <sum>
            <variable identifier="SCORE_1"/>
            <baseValue baseType="float">1</baseValue>
          </sum>
        </setOutcomeValue>
       </responseIf>
      </responseCondition><setOutcomeValue identifier="SCORE">
        <sum>
          <variable identifier="SCORE"/>
          <variable identifier="SCORE_1"/>
        </sum>
      </setOutcomeValue><responseCondition>
       <responseIf>
        <match>
          <variable identifier="r_2"/>
          <correct identifier="r_2"/>
        </match>
        <setOutcomeValue identifier="SCORE_2">
          <sum>
            <variable identifier="SCORE_2"/>
            <baseValue baseType="float">1</baseValue>
          </sum>
        </setOutcomeValue>
       </responseIf>
      </responseCondition><setOutcomeValue identifier="SCORE">
        <sum>
          <variable identifier="SCORE"/>
          <variable identifier="SCORE_2"/>
        </sum>
      </setOutcomeValue><responseCondition>
       <responseIf>
        <match>
          <variable identifier="r_3"/>
          <correct identifier="r_3"/>
        </match>
        <setOutcomeValue identifier="SCORE_3">
          <sum>
            <variable identifier="SCORE_3"/>
            <baseValue baseType="float">1</baseValue>
          </sum>
        </setOutcomeValue>
       </responseIf>
      </responseCondition><setOutcomeValue identifier="SCORE">
        <sum>
          <variable identifier="SCORE"/>
          <variable identifier="SCORE_3"/>
        </sum>
      </setOutcomeValue><responseCondition>
       <responseIf>
        <match>
          <variable identifier="r_4"/>
          <correct identifier="r_4"/>
        </match>
        <setOutcomeValue identifier="SCORE_4">
          <sum>
            <variable identifier="SCORE_4"/>
            <baseValue baseType="float">1</baseValue>
          </sum>
        </setOutcomeValue>
       </responseIf>
      </responseCondition><setOutcomeValue identifier="SCORE">
        <sum>
          <variable identifier="SCORE"/>
          <variable identifier="SCORE_4"/>
        </sum>
      </setOutcomeValue><responseCondition>
       <responseIf>
        <match>
          <variable identifier="r_5"/>
          <correct identifier="r_5"/>
        </match>
        <setOutcomeValue identifier="SCORE_5">
          <sum>
            <variable identifier="SCORE_5"/>
            <baseValue baseType="float">1</baseValue>
          </sum>
        </setOutcomeValue>
       </responseIf>
      </responseCondition><setOutcomeValue identifier="SCORE">
        <sum>
          <variable identifier="SCORE"/>
          <variable identifier="SCORE_5"/>
        </sum>
      </setOutcomeValue></responseProcessing>
    </assessmentItem>