<assessmentItem xmlns="http://www.imsglobal.org/xsd/imsqti_v2p1" xmlns:xsi="http://www.w3.org/2001/XMLSchema-instance" xsi:schemaLocation="http://www.imsglobal.org/xsd/imsqti_v2p1  http://www.imsglobal.org/xsd/qti/qtiv2p2/imsqti_v2p1.xsd" identifier="sat2_bio_2016_39_41" title="sat2_bio_2016_39_41" adaptive="false" timeDependent="false">
    <responseDeclaration identifier="r_1" cardinality="single" baseType="identifier">
        <correctResponse><value>r_1_B</value></correctResponse>
        <mapping defaultValue="0"><mapEntry mapKey="r_1_B" mappedValue="2"/></mapping>
       </responseDeclaration><responseDeclaration identifier="r_2" cardinality="single" baseType="identifier">
        <correctResponse><value>r_2_A</value></correctResponse>
        <mapping defaultValue="0"><mapEntry mapKey="r_2_A" mappedValue="2"/></mapping>
       </responseDeclaration><responseDeclaration identifier="r_3" cardinality="multiple" baseType="identifier">
        <correctResponse><value>r_3_BD</value></correctResponse>
        <mapping defaultValue="-1"><mapEntry mapKey="r_3_B" mappedValue="1"/><mapEntry mapKey="r_3_D" mappedValue="1"/></mapping>
       </responseDeclaration>
    <outcomeDeclaration identifier="SCORE" cardinality="single" baseType="float">
      <defaultValue>
        <value>0</value>
      </defaultValue>
    </outcomeDeclaration>
    <outcomeDeclaration identifier="SCORE_1" cardinality="single" baseType="float">
      <defaultValue>
        <value>0</value>
      </defaultValue>
      </outcomeDeclaration><outcomeDeclaration identifier="SCORE_2" cardinality="single" baseType="float">
      <defaultValue>
        <value>0</value>
      </defaultValue>
      </outcomeDeclaration><outcomeDeclaration identifier="SCORE_3" cardinality="single" baseType="float">
      <defaultValue>
        <value>0</value>
      </defaultValue>
      </outcomeDeclaration>
    <stylesheet href="styles/style.css" type="text/css"/>
    <itemBody xmlns="http://www.imsglobal.org/xsd/imsqti_v2p1">
    
    <p>閱讀下面引文，回答後面三題</p>
    <div class="blockquote">
      近年來因環境變遷造成異常淹水逆境，已嚴重衝擊全球糧食作物的生產。 淹水會造成植物根部缺氧、能量生成過少且產生酒精毒害而造成植物死亡。 然而在所有的穀類作物中，水稻卻是唯一可耐淹水的重要糧食作物。 淹水可增加水稻中植物激素的合成：一方面促進細胞分裂及延長，讓莖的莖節向上伸長，
      使植株高於水面以進行空氣交換；另一方面，促進根部皮層細胞部分老化死亡， 進一步特化成具有較大細胞間隙的通氣組織，以利於儲存氧氣使根部維持活性。 臺灣的學者經多年研究更進一步解開水稻耐淹水的分子調控機制。 該研究團隊發現當水稻種子在淹水缺氧時，會誘導兩種蛋白激酶（CIPK15及SnRK1A）、
      轉錄因子MYBS1及可將澱粉轉化成糖的<math xmlns="http://www.w3.org/1998/Math/MathML" alttext="\alpha">
  <mi>α<!-- α --></mi>
</math>-澱粉水解酶（<math xmlns="http://www.w3.org/1998/Math/MathML" alttext="\alpha">
  <mi>α<!-- α --></mi>
</math>-amylase） 等基因的大量表現。先前研究已發現MYBS1可結合在<math xmlns="http://www.w3.org/1998/Math/MathML" alttext="\alpha">
  <mi>α<!-- α --></mi>
</math>-澱粉水解酶基因的啟動子序列， 增加<math xmlns="http://www.w3.org/1998/Math/MathML" alttext="\alpha">
  <mi>α<!-- α --></mi>
</math>-澱粉水解酶基因的表現。而當植物細胞缺糖時，
      則會促成SnRK1A活化MYBS1的活性。進一步的分析則發現當水稻CIPK15基因產生突變時， SnRK1A的蛋白質則無法累積， 同時也觀察到CIPK15突變種子無法在同時淹水及缺糖的情況下發芽而死亡。 這些研究成果得知植物中耐淹水的機制為透過缺糖訊息傳遞途徑，
      促進碳水化合物的分解，使種子有足夠的能量在水中發芽。 此篇論文的關鍵發現將可協助育出各種耐淹水作物，減少淹水農損。
    </div>
    <choiceInteraction responseIdentifier="r_1" shuffle="false" maxChoices="1" xmlns="http://www.imsglobal.org/xsd/imsqti_v2p1">
      <prompt> 水稻在淹水時可合成哪些激素以增加生存能力？</prompt>
      <simpleChoice identifier="r_1_A">吉貝素及離層酸</simpleChoice>
      <simpleChoice identifier="r_1_B">吉貝素及乙烯</simpleChoice>
      <simpleChoice identifier="r_1_C">生長素及離層酸</simpleChoice>
      <simpleChoice identifier="r_1_D">細胞分裂素及乙烯</simpleChoice>
    </choiceInteraction>
    <choiceInteraction responseIdentifier="r_2" shuffle="false" maxChoices="1">
      <prompt>水稻在淹水時可合成哪些激素以增加生存能力？</prompt>
      <simpleChoice identifier="r_2_A">CIPK15<math xmlns="http://www.w3.org/1998/Math/MathML" alttext="\rightarrow">
  <mo stretchy="false">→<!-- → --></mo>
</math>SnRK1A<math xmlns="http://www.w3.org/1998/Math/MathML" alttext="\rightarrow">
  <mo stretchy="false">→<!-- → --></mo>
</math>MYBS1<math xmlns="http://www.w3.org/1998/Math/MathML" alttext="\rightarrow\alpha">
  <mo stretchy="false">→<!-- → --></mo>
  <mi>α<!-- α --></mi>
</math>-澱粉水解酶<math xmlns="http://www.w3.org/1998/Math/MathML" alttext="\rightarrow">
  <mo stretchy="false">→<!-- → --></mo>
</math>檸檬酸循環</simpleChoice>
      <simpleChoice identifier="r_2_B" xmlns="http://www.imsglobal.org/xsd/imsqti_v2p1">SnRK1A<math xmlns="http://www.w3.org/1998/Math/MathML" alttext="\rightarrow">
  <mo stretchy="false">→<!-- → --></mo>
</math>MYBS1<math xmlns="http://www.w3.org/1998/Math/MathML" alttext="\rightarrow">
  <mo stretchy="false">→<!-- → --></mo>
</math>CIPK15<math xmlns="http://www.w3.org/1998/Math/MathML" alttext="\rightarrow\alpha">
  <mo stretchy="false">→<!-- → --></mo>
  <mi>α<!-- α --></mi>
</math>-澱粉水解酶<math xmlns="http://www.w3.org/1998/Math/MathML" alttext="\rightarrow">
  <mo stretchy="false">→<!-- → --></mo>
</math>檸檬酸循環</simpleChoice>
      <simpleChoice identifier="r_2_C" xmlns="http://www.imsglobal.org/xsd/imsqti_v2p1">檸檬酸循環<math xmlns="http://www.w3.org/1998/Math/MathML" alttext="\rightarrow">
  <mo stretchy="false">→<!-- → --></mo>
</math>CIPK15<math xmlns="http://www.w3.org/1998/Math/MathML" alttext="\rightarrow">
  <mo stretchy="false">→<!-- → --></mo>
</math>SnRK1A<math xmlns="http://www.w3.org/1998/Math/MathML" alttext="\rightarrow">
  <mo stretchy="false">→<!-- → --></mo>
</math>MYBS1<math xmlns="http://www.w3.org/1998/Math/MathML" alttext="\rightarrow\alpha">
  <mo stretchy="false">→<!-- → --></mo>
  <mi>α<!-- α --></mi>
</math>-澱粉水解酶</simpleChoice>
      <simpleChoice identifier="r_2_D" xmlns="http://www.imsglobal.org/xsd/imsqti_v2p1">MYBS1<math xmlns="http://www.w3.org/1998/Math/MathML" alttext="\rightarrow\alpha">
  <mo stretchy="false">→<!-- → --></mo>
  <mi>α<!-- α --></mi>
</math>-澱粉水解酶<math xmlns="http://www.w3.org/1998/Math/MathML" alttext="\rightarrow">
  <mo stretchy="false">→<!-- → --></mo>
</math>檸檬酸循環<math xmlns="http://www.w3.org/1998/Math/MathML" alttext="\rightarrow">
  <mo stretchy="false">→<!-- → --></mo>
</math>CIPK15<math xmlns="http://www.w3.org/1998/Math/MathML" alttext="\rightarrow">
  <mo stretchy="false">→<!-- → --></mo>
</math>SnRK1A</simpleChoice>
    </choiceInteraction>
    <choiceInteraction responseIdentifier="r_3" shuffle="false" maxChoices="0" xmlns="http://www.imsglobal.org/xsd/imsqti_v2p1">
      <prompt>下列哪些結果符合本文的研究成果？</prompt>
      <simpleChoice identifier="r_3_A">MYBS1基因突變的種子可在長時間淹水時發芽</simpleChoice>
      <simpleChoice identifier="r_3_B">在同時淹水及缺糖時，在CIPK15突變種子中發酵作用活性降低</simpleChoice>
      <simpleChoice identifier="r_3_C">缺糖時種子中<math xmlns="http://www.w3.org/1998/Math/MathML" alttext="\alpha">
  <mi>α<!-- α --></mi>
</math>-澱粉水解酶的量没有變化</simpleChoice>
      <simpleChoice identifier="r_3_D" xmlns="http://www.imsglobal.org/xsd/imsqti_v2p1">提高<math xmlns="http://www.w3.org/1998/Math/MathML" alttext="\alpha">
  <mi>α<!-- α --></mi>
</math>-澱粉水解酶活性可幫助CIPK15突變種子在淹水時發芽</simpleChoice>
      <simpleChoice identifier="r_3_E" xmlns="http://www.imsglobal.org/xsd/imsqti_v2p1">在淹水的CIPK15突變種子中，<math xmlns="http://www.w3.org/1998/Math/MathML" alttext="\alpha">
  <mi>α<!-- α --></mi>
</math>-澱粉水解酶基因的表現上升</simpleChoice>
    </choiceInteraction>
  </itemBody>
    <responseProcessing xmlns="http://www.imsglobal.org/xsd/imsqti_v2p1">
    <responseCondition>
          <responseIf>
            <not>
              <isNull>
                <variable identifier="r_1"/>
              </isNull>
            </not>
            <setOutcomeValue identifier="SCORE_1">
              <sum>
                <variable identifier="SCORE_1"/>
                <mapResponse identifier="r_1"/>
              </sum>
            </setOutcomeValue>
          </responseIf>
          </responseCondition><setOutcomeValue identifier="SCORE">
        <sum>
        <variable identifier="SCORE"/>
        <variable identifier="SCORE_1"/>
        </sum>
      </setOutcomeValue><responseCondition>
          <responseIf>
            <not>
              <isNull>
                <variable identifier="r_2"/>
              </isNull>
            </not>
            <setOutcomeValue identifier="SCORE_2">
              <sum>
                <variable identifier="SCORE_2"/>
                <mapResponse identifier="r_2"/>
              </sum>
            </setOutcomeValue>
          </responseIf>
          </responseCondition><setOutcomeValue identifier="SCORE">
        <sum>
        <variable identifier="SCORE"/>
        <variable identifier="SCORE_2"/>
        </sum>
      </setOutcomeValue><responseCondition>
          <responseIf>
            <isNull>
              <variable identifier="r_3"/>
            </isNull>
            <setOutcomeValue identifier="SCORE_3">
             <sum>
              <variable identifier="SCORE_3"/>
              <baseValue baseType="float">0.0</baseValue>
             </sum>
            </setOutcomeValue>
          </responseIf>
          <responseElse>
            <setOutcomeValue identifier="SCORE_3">
             <sum>
              <variable identifier="SCORE_3"/>
              <max>
                <baseValue baseType="float">0.0</baseValue>
                <product>
                  <baseValue baseType="float">3</baseValue>
                  <subtract>
                    <baseValue baseType="float">1.0</baseValue>
                    <divide>
                      <product>
                        <baseValue baseType="float">2.0</baseValue>
                        <subtract>
                          <baseValue baseType="float">2</baseValue>
                          <mapResponse identifier="r_3"/>
                        </subtract>
                      </product>
                      <baseValue baseType="float">5</baseValue>
                    </divide>
                  </subtract>
                </product>
              </max>
              </sum>
            </setOutcomeValue>
          </responseElse>
          </responseCondition><setOutcomeValue identifier="SCORE">
        <sum>
        <variable identifier="SCORE"/>
        <variable identifier="SCORE_3"/>
        </sum>
      </setOutcomeValue></responseProcessing>
    </assessmentItem>