<assessmentItem xmlns="http://www.imsglobal.org/xsd/imsqti_v2p1" xmlns:xsi="http://www.w3.org/2001/XMLSchema-instance" xsi:schemaLocation="http://www.imsglobal.org/xsd/imsqti_v2p1  http://www.imsglobal.org/xsd/qti/qtiv2p2/imsqti_v2p1.xsd" identifier="sat2_mathb_2016_03" title="sat2_mathb_2016_03" adaptive="false" timeDependent="false">
    <responseDeclaration identifier="r_1" cardinality="single" baseType="identifier">
        <correctResponse><value>r_1_1</value></correctResponse>
        <mapping defaultValue="0"><mapEntry mapKey="r_1_1" mappedValue="6"/></mapping>
       </responseDeclaration>
    <outcomeDeclaration identifier="SCORE" cardinality="single" baseType="float">
      <defaultValue>
        <value>0</value>
      </defaultValue>
    </outcomeDeclaration>
    <outcomeDeclaration identifier="SCORE_1" cardinality="single" baseType="float">
      <defaultValue>
        <value>0</value>
      </defaultValue>
      </outcomeDeclaration>
    <stylesheet href="styles/style.css" type="text/css"/>
    <itemBody xmlns="http://www.imsglobal.org/xsd/imsqti_v2p1">
    
    <p>坐標平面上有兩向量 <math xmlns="http://www.w3.org/1998/Math/MathML" alttext="\overset{\rightharpoonup}{u}=(5,10)">
  <mover>
    <mi>u</mi>
    <mo stretchy="false">⇀<!-- ⇀ --></mo>
  </mover>
  <mo>=</mo>
  <mo stretchy="false">(</mo>
  <mn>5</mn>
  <mo>,</mo>
  <mn>10</mn>
  <mo stretchy="false">)</mo>
</math>， <math xmlns="http://www.w3.org/1998/Math/MathML" alttext="\overset{\rightharpoonup}{v}=(-4,2)">
  <mover>
    <mi>v</mi>
    <mo stretchy="false">⇀<!-- ⇀ --></mo>
  </mover>
  <mo>=</mo>
  <mo stretchy="false">(</mo>
  <mo>−<!-- − --></mo>
  <mn>4</mn>
  <mo>,</mo>
  <mn>2</mn>
  <mo stretchy="false">)</mo>
</math>。 請問下列哪一個向量的長度最大？
    </p>
    <choiceInteraction responseIdentifier="r_1" shuffle="false" maxChoices="1" xmlns="http://www.imsglobal.org/xsd/imsqti_v2p1">
      <simpleChoice identifier="r_1_1"><math xmlns="http://www.w3.org/1998/Math/MathML" alttext="-3\overset{\rightharpoonup}{u}">
  <mo>−<!-- − --></mo>
  <mn>3</mn>
  <mover>
    <mi>u</mi>
    <mo stretchy="false">⇀<!-- ⇀ --></mo>
  </mover>
</math></simpleChoice>
      <simpleChoice identifier="r_1_2" xmlns="http://www.imsglobal.org/xsd/imsqti_v2p1"><math xmlns="http://www.w3.org/1998/Math/MathML" alttext="6\overset{\rightharpoonup}{v}">
  <mn>6</mn>
  <mover>
    <mi>v</mi>
    <mo stretchy="false">⇀<!-- ⇀ --></mo>
  </mover>
</math></simpleChoice>
      <simpleChoice identifier="r_1_3" xmlns="http://www.imsglobal.org/xsd/imsqti_v2p1"><math xmlns="http://www.w3.org/1998/Math/MathML" alttext="-2\overset{\rightharpoonup}{u}-5 \overset{\rightharpoonup}{v}">
  <mo>−<!-- − --></mo>
  <mn>2</mn>
  <mover>
    <mi>u</mi>
    <mo stretchy="false">⇀<!-- ⇀ --></mo>
  </mover>
  <mo>−<!-- − --></mo>
  <mn>5</mn>
  <mover>
    <mi>v</mi>
    <mo stretchy="false">⇀<!-- ⇀ --></mo>
  </mover>
</math></simpleChoice>
      <simpleChoice identifier="r_1_4" xmlns="http://www.imsglobal.org/xsd/imsqti_v2p1"><math xmlns="http://www.w3.org/1998/Math/MathML" alttext="2\overset{\rightharpoonup}{u}-5 \overset{\rightharpoonup}{v}">
  <mn>2</mn>
  <mover>
    <mi>u</mi>
    <mo stretchy="false">⇀<!-- ⇀ --></mo>
  </mover>
  <mo>−<!-- − --></mo>
  <mn>5</mn>
  <mover>
    <mi>v</mi>
    <mo stretchy="false">⇀<!-- ⇀ --></mo>
  </mover>
</math></simpleChoice>
      <simpleChoice identifier="r_1_5" xmlns="http://www.imsglobal.org/xsd/imsqti_v2p1"><math xmlns="http://www.w3.org/1998/Math/MathML" alttext="\overset{\rightharpoonup}{u}+7 \overset{\rightharpoonup}{v}">
  <mover>
    <mi>u</mi>
    <mo stretchy="false">⇀<!-- ⇀ --></mo>
  </mover>
  <mo>+</mo>
  <mn>7</mn>
  <mover>
    <mi>v</mi>
    <mo stretchy="false">⇀<!-- ⇀ --></mo>
  </mover>
</math></simpleChoice>
    </choiceInteraction>
  </itemBody>
    <responseProcessing xmlns="http://www.imsglobal.org/xsd/imsqti_v2p1">
    <responseCondition>
          <responseIf>
            <not>
              <isNull>
                <variable identifier="r_1"/>
              </isNull>
            </not>
            <setOutcomeValue identifier="SCORE_1">
              <sum>
                <variable identifier="SCORE_1"/>
                <mapResponse identifier="r_1"/>
              </sum>
            </setOutcomeValue>
          </responseIf>
          </responseCondition><setOutcomeValue identifier="SCORE">
        <sum>
        <variable identifier="SCORE"/>
        <variable identifier="SCORE_1"/>
        </sum>
      </setOutcomeValue></responseProcessing>
    </assessmentItem>