<manifest xmlns="http://www.imsglobal.org/xsd/imscp_v1p1" xmlns:xsi="http://www.w3.org/2001/XMLSchema-instance" xsi:schemaLocation="http://www.imsglobal.org/xsd/imscp_v1p1 http://www.imsglobal.org/xsd/qti/qtiv2p1/qtiv2p1_imscpv1p2_v1p0.xsd" identifier="manifest_telc_sample_1">
  <metadata>
    <schema>QTIv2.1 Package</schema>
    <schemaversion>1.0.0</schemaversion>
  </metadata>
  <organizations/>
  <resources>
  <resource identifier="telc_sample_1" type="imsqti_item_xmlv2p1" href="telc_sample_1.xml"><file href="telc_sample_1.xml"/><file href="images/1A.png"/><file href="images/1B.png"/><file href="images/1C.png"/><file href="images/1D.png"/><file href="audios/example1.mp3"/><file href="styles/style.css"/></resource></resources>
</manifest>