<assessmentItem xmlns="http://www.imsglobal.org/xsd/imsqti_v2p1" xmlns:xsi="http://www.w3.org/2001/XMLSchema-instance" xsi:schemaLocation="http://www.imsglobal.org/xsd/imsqti_v2p1  http://www.imsglobal.org/xsd/qti/qtiv2p2/imsqti_v2p1.xsd" identifier="sat2_mathb_2016_01" title="sat2_mathb_2016_01" adaptive="false" timeDependent="false">
    <responseDeclaration identifier="r_1" cardinality="single" baseType="identifier">
        <correctResponse><value>r_1_4</value></correctResponse>
        <mapping defaultValue="0"><mapEntry mapKey="r_1_4" mappedValue="6"/></mapping>
       </responseDeclaration>
    <outcomeDeclaration identifier="SCORE" cardinality="single" baseType="float">
      <defaultValue>
        <value>0</value>
      </defaultValue>
    </outcomeDeclaration>
    <outcomeDeclaration identifier="SCORE_1" cardinality="single" baseType="float">
      <defaultValue>
        <value>0</value>
      </defaultValue>
      </outcomeDeclaration>
    <stylesheet href="styles/style.css" type="text/css"/>
    <itemBody xmlns="http://www.imsglobal.org/xsd/imsqti_v2p1">
    
    <p>下列哪一個選項是方程式 <math xmlns="http://www.w3.org/1998/Math/MathML" alttext="7x^5-2x^4+14x^3-4x^2+7x-2=0">
  <mn>7</mn>
  <msup>
    <mi>x</mi>
    <mn>5</mn>
  </msup>
  <mo>−<!-- − --></mo>
  <mn>2</mn>
  <msup>
    <mi>x</mi>
    <mn>4</mn>
  </msup>
  <mo>+</mo>
  <mn>14</mn>
  <msup>
    <mi>x</mi>
    <mn>3</mn>
  </msup>
  <mo>−<!-- − --></mo>
  <mn>4</mn>
  <msup>
    <mi>x</mi>
    <mn>2</mn>
  </msup>
  <mo>+</mo>
  <mn>7</mn>
  <mi>x</mi>
  <mo>−<!-- − --></mo>
  <mn>2</mn>
  <mo>=</mo>
  <mn>0</mn>
</math> 的根？</p>
   <choiceInteraction responseIdentifier="r_1" shuffle="false" maxChoices="1" xmlns="http://www.imsglobal.org/xsd/imsqti_v2p1">
      <simpleChoice identifier="r_1_1"><math xmlns="http://www.w3.org/1998/Math/MathML" alttext="-1">
  <mo>−<!-- − --></mo>
  <mn>1</mn>
</math></simpleChoice>
      <simpleChoice identifier="r_1_2" xmlns="http://www.imsglobal.org/xsd/imsqti_v2p1"><math xmlns="http://www.w3.org/1998/Math/MathML" alttext="\frac{1}{7}">
  <mfrac>
    <mn>1</mn>
    <mn>7</mn>
  </mfrac>
</math></simpleChoice>
      <simpleChoice identifier="r_1_3" xmlns="http://www.imsglobal.org/xsd/imsqti_v2p1"><math xmlns="http://www.w3.org/1998/Math/MathML" alttext="-\frac{1}{7}">
  <mo>−<!-- − --></mo>
  <mfrac>
    <mn>1</mn>
    <mn>7</mn>
  </mfrac>
</math></simpleChoice>
      <simpleChoice identifier="r_1_4" xmlns="http://www.imsglobal.org/xsd/imsqti_v2p1"><math xmlns="http://www.w3.org/1998/Math/MathML" alttext="\frac{2}{7}">
  <mfrac>
    <mn>2</mn>
    <mn>7</mn>
  </mfrac>
</math></simpleChoice>
      <simpleChoice identifier="r_1_5" xmlns="http://www.imsglobal.org/xsd/imsqti_v2p1"><math xmlns="http://www.w3.org/1998/Math/MathML" alttext="-\frac{2}{7}">
  <mo>−<!-- − --></mo>
  <mfrac>
    <mn>2</mn>
    <mn>7</mn>
  </mfrac>
</math></simpleChoice>
    </choiceInteraction>
  </itemBody>
    <responseProcessing xmlns="http://www.imsglobal.org/xsd/imsqti_v2p1">
    <responseCondition>
          <responseIf>
            <not>
              <isNull>
                <variable identifier="r_1"/>
              </isNull>
            </not>
            <setOutcomeValue identifier="SCORE_1">
              <sum>
                <variable identifier="SCORE_1"/>
                <mapResponse identifier="r_1"/>
              </sum>
            </setOutcomeValue>
          </responseIf>
          </responseCondition><setOutcomeValue identifier="SCORE">
        <sum>
        <variable identifier="SCORE"/>
        <variable identifier="SCORE_1"/>
        </sum>
      </setOutcomeValue></responseProcessing>
    </assessmentItem>