<assessmentItem xmlns="http://www.imsglobal.org/xsd/imsqti_v2p1" xmlns:xsi="http://www.w3.org/2001/XMLSchema-instance" xsi:schemaLocation="http://www.imsglobal.org/xsd/imsqti_v2p1  http://www.imsglobal.org/xsd/qti/qtiv2p2/imsqti_v2p1.xsd" identifier="sat2_his_2016_01" title="sat2_his_2016_01" adaptive="false" timeDependent="false">
    <responseDeclaration identifier="r_1" cardinality="single" baseType="identifier">
        <correctResponse><value>r_1_B</value></correctResponse>
        <mapping defaultValue="0"><mapEntry mapKey="r_1_B" mappedValue="2"/></mapping>
       </responseDeclaration>
    <outcomeDeclaration identifier="SCORE" cardinality="single" baseType="float">
      <defaultValue>
        <value>0</value>
      </defaultValue>
    </outcomeDeclaration>
    <outcomeDeclaration identifier="SCORE_1" cardinality="single" baseType="float">
      <defaultValue>
        <value>0</value>
      </defaultValue>
      </outcomeDeclaration>
    <stylesheet href="styles/style.css" type="text/css"/>
    <itemBody xmlns="http://www.imsglobal.org/xsd/imsqti_v2p1">
    
    <p>
      1920年代，美國南方非裔族群發展一種新的音樂形式，頗受大眾喜愛，逐漸傳播美國各地， 百老匯的表演中，也採用這種音樂元素。1950年代以後，這種音樂形式漸漸成為美國文化的代表， 也風行全球。這種音樂是：
    </p>
    <choiceInteraction responseIdentifier="r_1" shuffle="false" maxChoices="1">
      <prompt/>
      <simpleChoice identifier="r_1_A">搖滾樂</simpleChoice>
      <simpleChoice identifier="r_1_B">爵士樂</simpleChoice>
      <simpleChoice identifier="r_1_C">重金屬音樂</simpleChoice>
      <simpleChoice identifier="r_1_D">鄉村音樂</simpleChoice>
    </choiceInteraction>
  </itemBody>
    <responseProcessing>
    <responseCondition>
          <responseIf>
            <not>
              <isNull>
                <variable identifier="r_1"/>
              </isNull>
            </not>
            <setOutcomeValue identifier="SCORE_1">
              <sum>
                <variable identifier="SCORE_1"/>
                <mapResponse identifier="r_1"/>
              </sum>
            </setOutcomeValue>
          </responseIf>
          </responseCondition><setOutcomeValue identifier="SCORE">
        <sum>
        <variable identifier="SCORE"/>
        <variable identifier="SCORE_1"/>
        </sum>
      </setOutcomeValue></responseProcessing>
    </assessmentItem>