<assessmentItem xmlns="http://www.imsglobal.org/xsd/imsqti_v2p1" xmlns:xsi="http://www.w3.org/2001/XMLSchema-instance" xsi:schemaLocation="http://www.imsglobal.org/xsd/imsqti_v2p1  http://www.imsglobal.org/xsd/qti/qtiv2p2/imsqti_v2p1.xsd" identifier="sat2_eng_2016_21_30" title="sat2_eng_2016_21_30" adaptive="false" timeDependent="false">
    <responseDeclaration identifier="r_1" cardinality="multiple" baseType="directedPair"><correctResponse><value>r_1_K r_1_gap1</value><value>r_1_E r_1_gap2</value><value>r_1_J r_1_gap3</value><value>r_1_F r_1_gap4</value><value>r_1_G r_1_gap5</value><value>r_1_I r_1_gap6</value><value>r_1_B r_1_gap7</value><value>r_1_H r_1_gap8</value><value>r_1_A r_1_gap9</value><value>r_1_D r_1_gap10</value></correctResponse><mapping defaultValue="0"><mapEntry mapKey="r_1_K r_1_gap1" mappedValue="1"/><mapEntry mapKey="r_1_E r_1_gap2" mappedValue="1"/><mapEntry mapKey="r_1_J r_1_gap3" mappedValue="1"/><mapEntry mapKey="r_1_F r_1_gap4" mappedValue="1"/><mapEntry mapKey="r_1_G r_1_gap5" mappedValue="1"/><mapEntry mapKey="r_1_I r_1_gap6" mappedValue="1"/><mapEntry mapKey="r_1_B r_1_gap7" mappedValue="1"/><mapEntry mapKey="r_1_H r_1_gap8" mappedValue="1"/><mapEntry mapKey="r_1_A r_1_gap9" mappedValue="1"/><mapEntry mapKey="r_1_D r_1_gap10" mappedValue="1"/></mapping></responseDeclaration>
    <outcomeDeclaration identifier="SCORE" cardinality="single" baseType="float">
      <defaultValue>
        <value>0</value>
      </defaultValue>
    </outcomeDeclaration>
    <outcomeDeclaration identifier="SCORE_1" cardinality="single" baseType="float">
        <defaultValue>
          <value>0</value>
        </defaultValue>
      </outcomeDeclaration>
    <stylesheet href="styles/style.css" type="text/css"/>
    <itemBody xmlns="http://www.imsglobal.org/xsd/imsqti_v2p1">
    
    <gapMatchInteraction responseIdentifier="r_1" shuffle="false">
      <gapText identifier="r_1_A" matchMax="1" matchMin="0">movable</gapText>
      <gapText identifier="r_1_B" matchMax="1" matchMin="0">installed</gapText>
      <gapText identifier="r_1_C" matchMax="1" matchMin="0">diversified</gapText>
      <gapText identifier="r_1_D" matchMax="1" matchMin="0">problem</gapText>
      <gapText identifier="r_1_E" matchMax="1" matchMin="0">aged</gapText>
      <gapText identifier="r_1_F" matchMax="1" matchMin="0">planning</gapText>
      <gapText identifier="r_1_G" matchMax="1" matchMin="0">measured</gapText>
      <gapText identifier="r_1_H" matchMax="1" matchMin="0">constructing</gapText>
      <gapText identifier="r_1_I" matchMax="1" matchMin="0">exact</gapText>
      <gapText identifier="r_1_J" matchMax="1" matchMin="0">deteriorating</gapText>
      <gapText identifier="r_1_K" matchMax="1" matchMin="0">statue</gapText>
      <gapText identifier="r_1_L" matchMax="1" matchMin="0">religious</gapText>
      <p>The Great Sphinx in the Giza desert is a mythological creature with the body of a lion and the head of a human being.
        This monumental
        <gap identifier="r_1_gap1" required="false"/> is often regarded as a national symbol of Egypt, having guarded the famous Egyptian pyramids for 4,000 years. Nevertheless,
        the stone creature does not look like it did 4,000 years ago; wind, water, pollution, and human contact have slowly
        <gap identifier="r_1_gap2" required="false"/> the rock. Scientists are now trying to restore it. They not only want it to look like it did when it was first built
        but also are looking for ways to keep it from
        <gap identifier="r_1_gap3" required="false"/> more than it has.
      </p>
      <p>Fixing the Sphinx, however, is not an easy job. It takes several years of
        <gap identifier="r_1_gap4" required="false"/> before the work begins. Each stone in the Sphinx is carefully
        <gap identifier="r_1_gap5" required="false"/>. Scientists use computers to help figure out the size and shape of each stone. Each old stone is given a number.
        Then, one by one, replacement stones are carved by hand, just like people did long ago, in the
        <gap identifier="r_1_gap6" required="false"/> sizes and shapes as the ones they are replacing. When the new stones are ready, they are
        <gap identifier="r_1_gap7" required="false"/> and the worn ones removed.
      </p>
      <p>Scientists are also worried about how to keep the Sphinx from falling apart again. They have talked about
        <gap identifier="r_1_gap8" required="false"/> a wall around the Sphinx to protect it from the wind and sand, or perhaps covering it completely with a glass pyramid.
        Some think that burying part of it in the sand would serve the purpose. One scientist has even suggested building
        a
        <gap identifier="r_1_gap9" required="false"/> shelter to protect it at night and during bad weather. The walls of the shelter could be retracted into the ground
        during the day so that visitors could see the Sphinx.
      </p>
      <p>There are no easy solutions to the
        <gap identifier="r_1_gap10" required="false"/> , not to mention solutions that are agreeable to all parties. The one thing that is agreed upon is that something
        needs to be done to protect this ancient sculpture.
      </p>
    </gapMatchInteraction>
  </itemBody>
    <responseProcessing>
    <responseCondition>
		    <responseIf>
			    <isNull>
				    <variable identifier="r_1"/>
			    </isNull>
          <setOutcomeValue identifier="SCORE">
            <sum>
              <variable identifier="SCORE_1"/>
              <baseValue baseType="float">0.0</baseValue>
            </sum>
			    </setOutcomeValue>
		    </responseIf>
		    <responseElse>
			    <setOutcomeValue identifier="SCORE_1">
            <sum>
              <variable identifier="SCORE_1"/>
              <mapResponse identifier="r_1"/>
            </sum>
			    </setOutcomeValue>
		    </responseElse>
	    </responseCondition><setOutcomeValue identifier="SCORE">
        <sum>
          <variable identifier="SCORE"/>
          <variable identifier="SCORE_1"/>
        </sum>
      </setOutcomeValue></responseProcessing>
    </assessmentItem>