<assessmentItem xmlns="http://www.imsglobal.org/xsd/imsqti_v2p1" xmlns:xsi="http://www.w3.org/2001/XMLSchema-instance" xsi:schemaLocation="http://www.imsglobal.org/xsd/imsqti_v2p1  http://www.imsglobal.org/xsd/qti/qtiv2p2/imsqti_v2p1.xsd" identifier="sat2_chm_2016_14" title="sat2_chm_2016_14" adaptive="false" timeDependent="false">
    <responseDeclaration identifier="r_1" cardinality="single" baseType="identifier">
        <correctResponse><value>r_1_B</value></correctResponse>
        <mapping defaultValue="0"><mapEntry mapKey="r_1_B" mappedValue="3"/></mapping>
       </responseDeclaration>
    <outcomeDeclaration identifier="SCORE" cardinality="single" baseType="float">
      <defaultValue>
        <value>0</value>
      </defaultValue>
    </outcomeDeclaration>
    <outcomeDeclaration identifier="SCORE_1" cardinality="single" baseType="float">
      <defaultValue>
        <value>0</value>
      </defaultValue>
      </outcomeDeclaration>
    <stylesheet href="styles/style.css" type="text/css"/>
    <itemBody xmlns="http://www.imsglobal.org/xsd/imsqti_v2p1">
    
    <p>下列反應是製造氫氣的重要方法之一
    <math xmlns="http://www.w3.org/1998/Math/MathML" display="block" alttext=" \ce{CH4(g) + H2O(g) &lt;=>[\scriptscriptstyle Ni,700K] CO(g) + 3H2(g)} \hspace{0.5cm}\Delta H &lt;0 ">
  <mrow class="MJX-TeXAtom-ORD">
    <mrow class="MJX-TeXAtom-ORD">
      <mi mathvariant="normal">C</mi>
      <mi mathvariant="normal">H</mi>
    </mrow>
    <msub>
      <mrow class="MJX-TeXAtom-ORD">
        <mrow class="MJX-TeXAtom-ORD">
          <mpadded width="0pt">
            <mphantom>
              <mi>X</mi>
            </mphantom>
          </mpadded>
        </mrow>
      </mrow>
      <mrow class="MJX-TeXAtom-ORD">
        <mrow class="MJX-TeXAtom-ORD">
          <mpadded height="0pt">
            <mn>4</mn>
          </mpadded>
        </mrow>
      </mrow>
    </msub>
    <mspace width="0.111em"/>
    <mo stretchy="false">(</mo>
    <mrow class="MJX-TeXAtom-ORD">
      <mi mathvariant="normal">g</mi>
    </mrow>
    <mo stretchy="false">)</mo>
    <mrow class="MJX-TeXAtom-ORD">

    </mrow>
    <mo>+</mo>
    <mrow class="MJX-TeXAtom-ORD">

    </mrow>
    <mrow class="MJX-TeXAtom-ORD">
      <mi mathvariant="normal">H</mi>
    </mrow>
    <msub>
      <mrow class="MJX-TeXAtom-ORD">
        <mrow class="MJX-TeXAtom-ORD">
          <mpadded width="0pt">
            <mphantom>
              <mi>X</mi>
            </mphantom>
          </mpadded>
        </mrow>
      </mrow>
      <mrow class="MJX-TeXAtom-ORD">
        <mrow class="MJX-TeXAtom-ORD">
          <mpadded height="0pt">
            <mn>2</mn>
          </mpadded>
        </mrow>
      </mrow>
    </msub>
    <mrow class="MJX-TeXAtom-ORD">
      <mi mathvariant="normal">O</mi>
    </mrow>
    <mspace width="0.111em"/>
    <mo stretchy="false">(</mo>
    <mrow class="MJX-TeXAtom-ORD">
      <mi mathvariant="normal">g</mi>
    </mrow>
    <mo stretchy="false">)</mo>
    <mrow class="MJX-TeXAtom-ORD">

    </mrow>
    <mrow class="MJX-TeXAtom-REL">
      <mover>
        <mrow class="MJX-TeXAtom-REL">
          <mover>
            <mrow class="MJX-TeXAtom-OP MJX-fixedlimits">
              <mrow class="MJX-TeXAtom-ORD">
                <mpadded height="0pt" depth="0pt">
                  <mrow class="MJX-TeXAtom-ORD">
                    <mo stretchy="false">↽<!-- ↽ --></mo>
                  </mrow>
                  <mspace width="0.111em"/>
                  <mspace width="0.111em"/>
                  <mrow class="MJX-TeXAtom-ORD">
                    <mo>−<!-- − --></mo>
                  </mrow>
                </mpadded>
              </mrow>
            </mrow>
            <mrow class="MJX-TeXAtom-ORD">
              <mstyle displaystyle="false" scriptlevel="0">
                <mrow class="MJX-TeXAtom-ORD">
                  <mo>−<!-- − --></mo>
                </mrow>
                <mspace width="0.111em"/>
                <mspace width="0.111em"/>
                <mrow class="MJX-TeXAtom-ORD">
                  <mo stretchy="false">⇀<!-- ⇀ --></mo>
                </mrow>
              </mstyle>
            </mrow>
          </mover>
        </mrow>
        <mstyle displaystyle="false" scriptlevel="2">
          <mrow class="MJX-TeXAtom-ORD">
            <mi mathvariant="normal">N</mi>
            <mi mathvariant="normal">i</mi>
          </mrow>
          <mrow class="MJX-TeXAtom-ORD">
            <mo>,</mo>
          </mrow>
          <mspace width="0.167em"/>
          <mn>700</mn>
          <mspace width="thinmathspace"/>
          <mrow class="MJX-TeXAtom-ORD">
            <mi mathvariant="normal">K</mi>
          </mrow>
        </mstyle>
      </mover>
    </mrow>
    <mrow class="MJX-TeXAtom-ORD">

    </mrow>
    <mrow class="MJX-TeXAtom-ORD">
      <mi mathvariant="normal">C</mi>
      <mi mathvariant="normal">O</mi>
    </mrow>
    <mspace width="0.111em"/>
    <mo stretchy="false">(</mo>
    <mrow class="MJX-TeXAtom-ORD">
      <mi mathvariant="normal">g</mi>
    </mrow>
    <mo stretchy="false">)</mo>
    <mrow class="MJX-TeXAtom-ORD">

    </mrow>
    <mo>+</mo>
    <mrow class="MJX-TeXAtom-ORD">

    </mrow>
    <mn>3</mn>
    <mspace width="thinmathspace"/>
    <mrow class="MJX-TeXAtom-ORD">
      <mi mathvariant="normal">H</mi>
    </mrow>
    <msub>
      <mrow class="MJX-TeXAtom-ORD">
        <mrow class="MJX-TeXAtom-ORD">
          <mpadded width="0pt">
            <mphantom>
              <mi>X</mi>
            </mphantom>
          </mpadded>
        </mrow>
      </mrow>
      <mrow class="MJX-TeXAtom-ORD">
        <mrow class="MJX-TeXAtom-ORD">
          <mpadded height="0pt">
            <mn>2</mn>
          </mpadded>
        </mrow>
      </mrow>
    </msub>
    <mspace width="0.111em"/>
    <mo stretchy="false">(</mo>
    <mrow class="MJX-TeXAtom-ORD">
      <mi mathvariant="normal">g</mi>
    </mrow>
    <mo stretchy="false">)</mo>
  </mrow>
  <mspace width="0.5cm"/>
  <mi mathvariant="normal">Δ<!-- Δ --></mi>
  <mi>H</mi>
  <mo>&lt;</mo>
  <mn>0</mn>
</math>
    當反應達平衡後，若改變此反應的條件，則下列有關反應平衡位置移動的敘述，哪一個正確？
    </p>
    <choiceInteraction responseIdentifier="r_1" shuffle="false" maxChoices="1" xmlns="http://www.imsglobal.org/xsd/imsqti_v2p1">
      <simpleChoice identifier="r_1_A">增加壓力，平衡向產物方向移動</simpleChoice>
      <simpleChoice identifier="r_1_B">將溫度提高，平衡向反應物方向移動</simpleChoice>
      <simpleChoice identifier="r_1_C">加入鈍氣，平衡向反應物方向移動</simpleChoice>
      <simpleChoice identifier="r_1_D">增加 Ni 的量，平衡向反應物方向移動</simpleChoice>
      <simpleChoice identifier="r_1_E">將 <math xmlns="http://www.w3.org/1998/Math/MathML" alttext="\ce{H2O(g)}">
  <mrow class="MJX-TeXAtom-ORD">
    <mrow class="MJX-TeXAtom-ORD">
      <mi mathvariant="normal">H</mi>
    </mrow>
    <msub>
      <mrow class="MJX-TeXAtom-ORD">
        <mrow class="MJX-TeXAtom-ORD">
          <mpadded width="0pt">
            <mphantom>
              <mi>X</mi>
            </mphantom>
          </mpadded>
        </mrow>
      </mrow>
      <mrow class="MJX-TeXAtom-ORD">
        <mrow class="MJX-TeXAtom-ORD">
          <mpadded height="0pt">
            <mn>2</mn>
          </mpadded>
        </mrow>
      </mrow>
    </msub>
    <mrow class="MJX-TeXAtom-ORD">
      <mi mathvariant="normal">O</mi>
    </mrow>
    <mspace width="0.111em"/>
    <mo stretchy="false">(</mo>
    <mrow class="MJX-TeXAtom-ORD">
      <mi mathvariant="normal">g</mi>
    </mrow>
    <mo stretchy="false">)</mo>
  </mrow>
</math> 完全移除，不會改變平衡位置</simpleChoice>
    </choiceInteraction>
  </itemBody>
    <responseProcessing xmlns="http://www.imsglobal.org/xsd/imsqti_v2p1">
    <responseCondition>
          <responseIf>
            <not>
              <isNull>
                <variable identifier="r_1"/>
              </isNull>
            </not>
            <setOutcomeValue identifier="SCORE_1">
              <sum>
                <variable identifier="SCORE_1"/>
                <mapResponse identifier="r_1"/>
              </sum>
            </setOutcomeValue>
          </responseIf>
          </responseCondition><setOutcomeValue identifier="SCORE">
        <sum>
        <variable identifier="SCORE"/>
        <variable identifier="SCORE_1"/>
        </sum>
      </setOutcomeValue></responseProcessing>
    </assessmentItem>