<assessmentItem xmlns="http://www.imsglobal.org/xsd/imsqti_v2p1" xmlns:xsi="http://www.w3.org/2001/XMLSchema-instance" xsi:schemaLocation="http://www.imsglobal.org/xsd/imsqti_v2p1  http://www.imsglobal.org/xsd/qti/qtiv2p2/imsqti_v2p1.xsd" identifier="sat2_phy_2016_03" title="sat2_phy_2016_03" adaptive="false" timeDependent="false">
    <responseDeclaration identifier="r_1" cardinality="single" baseType="identifier">
        <correctResponse><value>r_1_A</value></correctResponse>
        <mapping defaultValue="0"><mapEntry mapKey="r_1_A" mappedValue="3"/></mapping>
       </responseDeclaration>
    <outcomeDeclaration identifier="SCORE" cardinality="single" baseType="float">
      <defaultValue>
        <value>0</value>
      </defaultValue>
    </outcomeDeclaration>
    <outcomeDeclaration identifier="SCORE_1" cardinality="single" baseType="float">
      <defaultValue>
        <value>0</value>
      </defaultValue>
      </outcomeDeclaration>
    <stylesheet href="styles/style.css" type="text/css"/>
    <itemBody xmlns="http://www.imsglobal.org/xsd/imsqti_v2p1">
    
    <p>欲瞭解聲波如何在金屬中傳播，可利用簡化的一維模型：將金屬原子視為質量 <math xmlns="http://www.w3.org/1998/Math/MathML" alttext="m">
  <mi>m</mi>
</math> 的小球， 以間距 <math xmlns="http://www.w3.org/1998/Math/MathML" alttext="d">
  <mi>d</mi>
</math> 排列成一直線，且相鄰兩個小球間以力常數 <math xmlns="http://www.w3.org/1998/Math/MathML" alttext="k">
  <mi>k</mi>
</math> 的彈簧連結， 藉以模擬原子間的作用力。在此簡化模型的假設下，應用因次分析來判定，
      下列何者可能為金屬中的聲速？
    </p>
    <choiceInteraction responseIdentifier="r_1" shuffle="false" maxChoices="1" xmlns="http://www.imsglobal.org/xsd/imsqti_v2p1">
      <simpleChoice identifier="r_1_A"><math xmlns="http://www.w3.org/1998/Math/MathML" alttext="d\sqrt{k/m}">
  <mi>d</mi>
  <msqrt>
    <mi>k</mi>
    <mrow class="MJX-TeXAtom-ORD">
      <mo>/</mo>
    </mrow>
    <mi>m</mi>
  </msqrt>
</math></simpleChoice>
      <simpleChoice identifier="r_1_B" xmlns="http://www.imsglobal.org/xsd/imsqti_v2p1"><math xmlns="http://www.w3.org/1998/Math/MathML" alttext="d\sqrt{mk}">
  <mi>d</mi>
  <msqrt>
    <mi>m</mi>
    <mi>k</mi>
  </msqrt>
</math></simpleChoice>
      <simpleChoice identifier="r_1_C" xmlns="http://www.imsglobal.org/xsd/imsqti_v2p1"><math xmlns="http://www.w3.org/1998/Math/MathML" alttext="\sqrt{dm/k}">
  <msqrt>
    <mi>d</mi>
    <mi>m</mi>
    <mrow class="MJX-TeXAtom-ORD">
      <mo>/</mo>
    </mrow>
    <mi>k</mi>
  </msqrt>
</math></simpleChoice>
      <simpleChoice identifier="r_1_D" xmlns="http://www.imsglobal.org/xsd/imsqti_v2p1"><math xmlns="http://www.w3.org/1998/Math/MathML" alttext="dk/m">
  <mi>d</mi>
  <mi>k</mi>
  <mrow class="MJX-TeXAtom-ORD">
    <mo>/</mo>
  </mrow>
  <mi>m</mi>
</math></simpleChoice>
      <simpleChoice identifier="r_1_E" xmlns="http://www.imsglobal.org/xsd/imsqti_v2p1"><math xmlns="http://www.w3.org/1998/Math/MathML" alttext="mk/d">
  <mi>m</mi>
  <mi>k</mi>
  <mrow class="MJX-TeXAtom-ORD">
    <mo>/</mo>
  </mrow>
  <mi>d</mi>
</math></simpleChoice>
    </choiceInteraction>
  </itemBody>
    <responseProcessing xmlns="http://www.imsglobal.org/xsd/imsqti_v2p1">
    <responseCondition>
          <responseIf>
            <not>
              <isNull>
                <variable identifier="r_1"/>
              </isNull>
            </not>
            <setOutcomeValue identifier="SCORE_1">
              <sum>
                <variable identifier="SCORE_1"/>
                <mapResponse identifier="r_1"/>
              </sum>
            </setOutcomeValue>
          </responseIf>
          </responseCondition><setOutcomeValue identifier="SCORE">
        <sum>
        <variable identifier="SCORE"/>
        <variable identifier="SCORE_1"/>
        </sum>
      </setOutcomeValue></responseProcessing>
    </assessmentItem>