<assessmentItem xmlns="http://www.imsglobal.org/xsd/imsqti_v2p1" xmlns:xsi="http://www.w3.org/2001/XMLSchema-instance" xsi:schemaLocation="http://www.imsglobal.org/xsd/imsqti_v2p1  http://www.imsglobal.org/xsd/qti/qtiv2p2/imsqti_v2p1.xsd" identifier="telc_sample_2" title="telc_sample_2" adaptive="false" timeDependent="false">
    <responseDeclaration identifier="r_1" cardinality="single" baseType="identifier">
        <correctResponse><value>r_1_D</value></correctResponse>
        <mapping defaultValue="0"><mapEntry mapKey="r_1_D" mappedValue="5"/></mapping>
       </responseDeclaration>
    <outcomeDeclaration identifier="SCORE" cardinality="single" baseType="float">
      <defaultValue>
        <value>0</value>
      </defaultValue>
    </outcomeDeclaration>
    <outcomeDeclaration identifier="SCORE_1" cardinality="single" baseType="float">
      <defaultValue>
        <value>0</value>
      </defaultValue>
      </outcomeDeclaration>
    <stylesheet href="styles/style.css" type="text/css"/>
    <itemBody xmlns="http://www.imsglobal.org/xsd/imsqti_v2p1">
    
<p><audio src="audios/example2.mp3" controls="true"/></p>
  <p><img src="images/2.png" alt=""/></p>
  <choiceInteraction responseIdentifier="r_1" shuffle="false" maxChoices="1">
  <prompt/>
  <simpleChoice identifier="r_1_A">(A)</simpleChoice>
  <simpleChoice identifier="r_1_B">(B)</simpleChoice>
  <simpleChoice identifier="r_1_C">(C)</simpleChoice>
  <simpleChoice identifier="r_1_D">(D)</simpleChoice>
  </choiceInteraction>
</itemBody>
    <responseProcessing>
    <responseCondition>
          <responseIf>
            <not>
              <isNull>
                <variable identifier="r_1"/>
              </isNull>
            </not>
            <setOutcomeValue identifier="SCORE_1">
              <sum>
                <variable identifier="SCORE_1"/>
                <mapResponse identifier="r_1"/>
              </sum>
            </setOutcomeValue>
          </responseIf>
          </responseCondition><setOutcomeValue identifier="SCORE">
        <sum>
        <variable identifier="SCORE"/>
        <variable identifier="SCORE_1"/>
        </sum>
      </setOutcomeValue></responseProcessing>
    </assessmentItem>