<assessmentItem xmlns="http://www.imsglobal.org/xsd/imsqti_v2p1" xmlns:xsi="http://www.w3.org/2001/XMLSchema-instance" xsi:schemaLocation="http://www.imsglobal.org/xsd/imsqti_v2p1  http://www.imsglobal.org/xsd/qti/qtiv2p2/imsqti_v2p1.xsd" identifier="sat2_chi_2016_03" title="sat2_chi_2016_03" adaptive="false" timeDependent="false">
    <responseDeclaration identifier="r_1" cardinality="single" baseType="identifier">
        <correctResponse><value>r_1_C</value></correctResponse>
        <mapping defaultValue="0"><mapEntry mapKey="r_1_C" mappedValue="2"/></mapping>
       </responseDeclaration>
    <outcomeDeclaration identifier="SCORE" cardinality="single" baseType="float">
      <defaultValue>
        <value>0</value>
      </defaultValue>
    </outcomeDeclaration>
    <outcomeDeclaration identifier="SCORE_1" cardinality="single" baseType="float">
      <defaultValue>
        <value>0</value>
      </defaultValue>
      </outcomeDeclaration>
    <stylesheet href="styles/style.css" type="text/css"/>
    <itemBody xmlns="http://www.imsglobal.org/xsd/imsqti_v2p1">
    
    <p>下列是《西遊記》中的一段文字，請依文意選出排列順序最恰當的選項：</p>
    <p class="kai">
      真個光陰迅速，　　　甲、老君的火候俱全，　　　乙、只聽得爐頭聲響，　　　丙、猛睜睛看見光明，　　　　丁、忽一日，開爐取丹，　　　戊、不覺七七四十九日，　　　己、那大聖雙手侮著眼，正自揉搓流涕，　　　他就忍不住，將身一縱，跳出丹爐。
      <span class="box">侮:同「捂」。</span>
    </p>
    <choiceInteraction responseIdentifier="r_1" shuffle="false" maxChoices="1">
      <simpleChoice identifier="r_1_A">丁戊丙甲乙己</simpleChoice>
      <simpleChoice identifier="r_1_B">丁己丙乙甲戊</simpleChoice>
      <simpleChoice identifier="r_1_C">戊甲丁己乙丙</simpleChoice>
      <simpleChoice identifier="r_1_D">戊乙丙己丁甲</simpleChoice>
    </choiceInteraction>
  </itemBody>
    <responseProcessing>
    <responseCondition>
          <responseIf>
            <not>
              <isNull>
                <variable identifier="r_1"/>
              </isNull>
            </not>
            <setOutcomeValue identifier="SCORE_1">
              <sum>
                <variable identifier="SCORE_1"/>
                <mapResponse identifier="r_1"/>
              </sum>
            </setOutcomeValue>
          </responseIf>
          </responseCondition><setOutcomeValue identifier="SCORE">
        <sum>
        <variable identifier="SCORE"/>
        <variable identifier="SCORE_1"/>
        </sum>
      </setOutcomeValue></responseProcessing>
    </assessmentItem>