<assessmentItem xmlns="http://www.imsglobal.org/xsd/imsqti_v2p1" xmlns:xsi="http://www.w3.org/2001/XMLSchema-instance" xsi:schemaLocation="http://www.imsglobal.org/xsd/imsqti_v2p1  http://www.imsglobal.org/xsd/qti/qtiv2p2/imsqti_v2p1.xsd" identifier="sat2_geo_2016_02" title="sat2_geo_2016_02" adaptive="false" timeDependent="false">
    <responseDeclaration identifier="r_1" cardinality="single" baseType="identifier">
        <correctResponse><value>r_1_B</value></correctResponse>
        <mapping defaultValue="0"><mapEntry mapKey="r_1_B" mappedValue="2"/></mapping>
       </responseDeclaration>
    <outcomeDeclaration identifier="SCORE" cardinality="single" baseType="float">
      <defaultValue>
        <value>0</value>
      </defaultValue>
    </outcomeDeclaration>
    <outcomeDeclaration identifier="SCORE_1" cardinality="single" baseType="float">
      <defaultValue>
        <value>0</value>
      </defaultValue>
      </outcomeDeclaration>
    <stylesheet href="styles/style.css" type="text/css"/>
    <itemBody xmlns="http://www.imsglobal.org/xsd/imsqti_v2p1">
    
    <p>洪水頻率係指某個大小的洪峰流量再次出現的平均時間，下圖顯示一地區的洪水頻率（洪水重現週期）與淹水範圍的關係。
      圖中哪條曲線，最能說明兩者關係？</p>
    <p><img src="images/floodfrequency.png" alt="洪水頻率圖"/></p>
   <choiceInteraction responseIdentifier="r_1" shuffle="false" maxChoices="1">
      <simpleChoice identifier="r_1_A">甲</simpleChoice>
      <simpleChoice identifier="r_1_B">乙</simpleChoice>
      <simpleChoice identifier="r_1_C">丙</simpleChoice>
      <simpleChoice identifier="r_1_D">丁</simpleChoice>
    </choiceInteraction>
  </itemBody>
    <responseProcessing>
    <responseCondition>
          <responseIf>
            <not>
              <isNull>
                <variable identifier="r_1"/>
              </isNull>
            </not>
            <setOutcomeValue identifier="SCORE_1">
              <sum>
                <variable identifier="SCORE_1"/>
                <mapResponse identifier="r_1"/>
              </sum>
            </setOutcomeValue>
          </responseIf>
          </responseCondition><setOutcomeValue identifier="SCORE">
        <sum>
        <variable identifier="SCORE"/>
        <variable identifier="SCORE_1"/>
        </sum>
      </setOutcomeValue></responseProcessing>
    </assessmentItem>