<assessmentItem xmlns="http://www.imsglobal.org/xsd/imsqti_v2p1" xmlns:xsi="http://www.w3.org/2001/XMLSchema-instance" xsi:schemaLocation="http://www.imsglobal.org/xsd/imsqti_v2p1  http://www.imsglobal.org/xsd/qti/qtiv2p2/imsqti_v2p1.xsd" identifier="sat2_mathb_2016_A" title="sat2_mathb_2016_A" adaptive="false" timeDependent="false">
    <responseDeclaration identifier="r_1_1" cardinality="single" baseType="identifier">
              <correctResponse>
              <value>r_1_1_7</value>
              </correctResponse>
              </responseDeclaration><responseDeclaration identifier="r_1_2" cardinality="single" baseType="identifier">
              <correctResponse>
              <value>r_1_2_2</value>
              </correctResponse>
              </responseDeclaration><responseDeclaration identifier="r_1_3" cardinality="single" baseType="identifier">
              <correctResponse>
              <value>r_1_3_0</value>
              </correctResponse>
              </responseDeclaration>
    <outcomeDeclaration identifier="SCORE" cardinality="single" baseType="float">
      <defaultValue>
        <value>0</value>
      </defaultValue>
    </outcomeDeclaration>
    <outcomeDeclaration identifier="SCORE_1" cardinality="single" baseType="float">
        <defaultValue>
          <value>0</value>
        </defaultValue>
      </outcomeDeclaration>
    <stylesheet href="styles/style.css" type="text/css"/>
    <itemBody xmlns="http://www.imsglobal.org/xsd/imsqti_v2p1">
    
    <p>不透明袋中有三顆白球及三顆紅球。從袋中每次取出一球依序置於桌面，每次每顆球被取出的機率相同。
      全部取出後，前三顆球中有相鄰兩球同為白球的機率為
      <math xmlns="http://www.w3.org/1998/Math/MathML" alttext="\frac{\ceec{1}}{\ceec{2}\ceec{3}}">
  <mfrac>
    <mrow class="MJX-TeXAtom-ORD">
      <menclose notation="box">
        <mtext>1</mtext>
      </menclose>
    </mrow>
    <mrow>
      <mrow class="MJX-TeXAtom-ORD">
        <menclose notation="box">
          <mtext>2</mtext>
        </menclose>
      </mrow>
      <mrow class="MJX-TeXAtom-ORD">
        <menclose notation="box">
          <mtext>3</mtext>
        </menclose>
      </mrow>
    </mrow>
  </mfrac>
</math>。（請化為最簡分數）</p>
   <div xmlns="http://www.imsglobal.org/xsd/imsqti_v2p1"> <math xmlns="http://www.w3.org/1998/Math/MathML" alttext="\ceec{1}">
  <mrow class="MJX-TeXAtom-ORD">
    <menclose notation="box">
      <mtext>1</mtext>
    </menclose>
  </mrow>
</math>=<inlineChoiceInteraction responseIdentifier="r_1_1" shuffle="false" xmlns="http://www.imsglobal.org/xsd/imsqti_v2p1"><inlineChoice identifier="r_1_1_1">1</inlineChoice><inlineChoice identifier="r_1_1_2">2</inlineChoice><inlineChoice identifier="r_1_1_3">3</inlineChoice><inlineChoice identifier="r_1_1_4">4</inlineChoice><inlineChoice identifier="r_1_1_5">5</inlineChoice><inlineChoice identifier="r_1_1_6">6</inlineChoice><inlineChoice identifier="r_1_1_7">7</inlineChoice><inlineChoice identifier="r_1_1_8">8</inlineChoice><inlineChoice identifier="r_1_1_9">9</inlineChoice><inlineChoice identifier="r_1_1_0">0</inlineChoice><inlineChoice identifier="r_1_1_M">-</inlineChoice><inlineChoice identifier="r_1_1_N">#</inlineChoice></inlineChoiceInteraction> <math xmlns="http://www.w3.org/1998/Math/MathML" alttext="\ceec{2}">
  <mrow class="MJX-TeXAtom-ORD">
    <menclose notation="box">
      <mtext>2</mtext>
    </menclose>
  </mrow>
</math>=<inlineChoiceInteraction responseIdentifier="r_1_2" shuffle="false" xmlns="http://www.imsglobal.org/xsd/imsqti_v2p1"><inlineChoice identifier="r_1_2_1">1</inlineChoice><inlineChoice identifier="r_1_2_2">2</inlineChoice><inlineChoice identifier="r_1_2_3">3</inlineChoice><inlineChoice identifier="r_1_2_4">4</inlineChoice><inlineChoice identifier="r_1_2_5">5</inlineChoice><inlineChoice identifier="r_1_2_6">6</inlineChoice><inlineChoice identifier="r_1_2_7">7</inlineChoice><inlineChoice identifier="r_1_2_8">8</inlineChoice><inlineChoice identifier="r_1_2_9">9</inlineChoice><inlineChoice identifier="r_1_2_0">0</inlineChoice><inlineChoice identifier="r_1_2_M">-</inlineChoice><inlineChoice identifier="r_1_2_N">#</inlineChoice></inlineChoiceInteraction> <math xmlns="http://www.w3.org/1998/Math/MathML" alttext="\ceec{3}">
  <mrow class="MJX-TeXAtom-ORD">
    <menclose notation="box">
      <mtext>3</mtext>
    </menclose>
  </mrow>
</math>=<inlineChoiceInteraction responseIdentifier="r_1_3" shuffle="false" xmlns="http://www.imsglobal.org/xsd/imsqti_v2p1"><inlineChoice identifier="r_1_3_1">1</inlineChoice><inlineChoice identifier="r_1_3_2">2</inlineChoice><inlineChoice identifier="r_1_3_3">3</inlineChoice><inlineChoice identifier="r_1_3_4">4</inlineChoice><inlineChoice identifier="r_1_3_5">5</inlineChoice><inlineChoice identifier="r_1_3_6">6</inlineChoice><inlineChoice identifier="r_1_3_7">7</inlineChoice><inlineChoice identifier="r_1_3_8">8</inlineChoice><inlineChoice identifier="r_1_3_9">9</inlineChoice><inlineChoice identifier="r_1_3_0">0</inlineChoice><inlineChoice identifier="r_1_3_M">-</inlineChoice><inlineChoice identifier="r_1_3_N">#</inlineChoice></inlineChoiceInteraction></div>
  </itemBody>
    <responseProcessing>
    <responseCondition>
        <responseIf>
          <and>
          <match><variable identifier="r_1_1"/><correct identifier="r_1_1"/></match><match><variable identifier="r_1_2"/><correct identifier="r_1_2"/></match><match><variable identifier="r_1_3"/><correct identifier="r_1_3"/></match></and>
          <setOutcomeValue identifier="SCORE_1">
            <sum>
              <variable identifier="SCORE_1"/>
              <baseValue baseType="float">6</baseValue>
            </sum>
          </setOutcomeValue>
        </responseIf>
      </responseCondition><setOutcomeValue identifier="SCORE">
        <sum>
          <variable identifier="SCORE"/>
          <variable identifier="SCORE_1"/>
        </sum>
      </setOutcomeValue></responseProcessing>
    </assessmentItem>