<assessmentItem xmlns="http://www.imsglobal.org/xsd/imsqti_v2p1" xmlns:xsi="http://www.w3.org/2001/XMLSchema-instance" xsi:schemaLocation="http://www.imsglobal.org/xsd/imsqti_v2p1  http://www.imsglobal.org/xsd/qti/qtiv2p2/imsqti_v2p1.xsd" identifier="sat2_his_2016_02" title="sat2_his_2016_02" adaptive="false" timeDependent="false">
    <responseDeclaration identifier="r_1" cardinality="single" baseType="identifier">
        <correctResponse><value>r_1_D</value></correctResponse>
        <mapping defaultValue="0"><mapEntry mapKey="r_1_D" mappedValue="2"/></mapping>
       </responseDeclaration>
    <outcomeDeclaration identifier="SCORE" cardinality="single" baseType="float">
      <defaultValue>
        <value>0</value>
      </defaultValue>
    </outcomeDeclaration>
    <outcomeDeclaration identifier="SCORE_1" cardinality="single" baseType="float">
      <defaultValue>
        <value>0</value>
      </defaultValue>
      </outcomeDeclaration>
    <stylesheet href="styles/style.css" type="text/css"/>
    <itemBody xmlns="http://www.imsglobal.org/xsd/imsqti_v2p1">
    
    <p>
      某位官員巡臺時，在一埤圳處留下碑文：得俗吏百，不如得才吏一；得才吏百，不如得賢吏一也。 ……其區被旱百有餘里，閭閻待哺，……予為勸興水利，教以鑿陂開塘之法……鳳之士民，從大令之教而合力成之， 所謂民情大可見者……眾復請予名其圳，以刊諸石。此埤圳應是：
    </p>
    <choiceInteraction responseIdentifier="r_1" shuffle="false" maxChoices="1">
      <simpleChoice identifier="r_1_A">瑠公圳</simpleChoice>
      <simpleChoice identifier="r_1_B">八堡圳</simpleChoice>
      <simpleChoice identifier="r_1_C">貓霧捒圳</simpleChoice>
      <simpleChoice identifier="r_1_D">曹公圳</simpleChoice>
    </choiceInteraction>
  </itemBody>
    <responseProcessing>
    <responseCondition>
          <responseIf>
            <not>
              <isNull>
                <variable identifier="r_1"/>
              </isNull>
            </not>
            <setOutcomeValue identifier="SCORE_1">
              <sum>
                <variable identifier="SCORE_1"/>
                <mapResponse identifier="r_1"/>
              </sum>
            </setOutcomeValue>
          </responseIf>
          </responseCondition><setOutcomeValue identifier="SCORE">
        <sum>
        <variable identifier="SCORE"/>
        <variable identifier="SCORE_1"/>
        </sum>
      </setOutcomeValue></responseProcessing>
    </assessmentItem>