<assessmentItem xmlns="http://www.imsglobal.org/xsd/imsqti_v2p1" xmlns:xsi="http://www.w3.org/2001/XMLSchema-instance" xsi:schemaLocation="http://www.imsglobal.org/xsd/imsqti_v2p1  http://www.imsglobal.org/xsd/qti/qtiv2p2/imsqti_v2p1.xsd" identifier="sat2_mathb_2016_07" title="sat2_mathb_2016_07" adaptive="false" timeDependent="false">
    <responseDeclaration identifier="r_1" cardinality="multiple" baseType="identifier">
        <correctResponse><value>r_1_125</value></correctResponse>
        <mapping defaultValue="-1"><mapEntry mapKey="r_1_1" mappedValue="1"/><mapEntry mapKey="r_1_2" mappedValue="1"/><mapEntry mapKey="r_1_5" mappedValue="1"/></mapping>
       </responseDeclaration>
    <outcomeDeclaration identifier="SCORE" cardinality="single" baseType="float">
      <defaultValue>
        <value>0</value>
      </defaultValue>
    </outcomeDeclaration>
    <outcomeDeclaration identifier="SCORE_1" cardinality="single" baseType="float">
      <defaultValue>
        <value>0</value>
      </defaultValue>
      </outcomeDeclaration>
    <stylesheet href="styles/style.css" type="text/css"/>
    <itemBody xmlns="http://www.imsglobal.org/xsd/imsqti_v2p1">
    
    <p>坐標平面上 <math xmlns="http://www.w3.org/1998/Math/MathML" alttext="O">
  <mi>O</mi>
</math> 為原點，<math xmlns="http://www.w3.org/1998/Math/MathML" alttext="P">
  <mi>P</mi>
</math> 點坐標為 <math xmlns="http://www.w3.org/1998/Math/MathML" alttext="(1,0)">
  <mo stretchy="false">(</mo>
  <mn>1</mn>
  <mo>,</mo>
  <mn>0</mn>
  <mo stretchy="false">)</mo>
</math>，直線 <math xmlns="http://www.w3.org/1998/Math/MathML" alttext="L">
  <mi>L</mi>
</math> 的方程式為 <math xmlns="http://www.w3.org/1998/Math/MathML" alttext="x-2y=-4">
  <mi>x</mi>
  <mo>−<!-- − --></mo>
  <mn>2</mn>
  <mi>y</mi>
  <mo>=</mo>
  <mo>−<!-- − --></mo>
  <mn>4</mn>
</math>。請選出正確的選項。</p>
    <choiceInteraction responseIdentifier="r_1" shuffle="false" maxChoices="0" xmlns="http://www.imsglobal.org/xsd/imsqti_v2p1">
      <simpleChoice identifier="r_1_1">在直線 <math xmlns="http://www.w3.org/1998/Math/MathML" alttext="L">
  <mi>L</mi>
</math> 上可以找到一點 <math xmlns="http://www.w3.org/1998/Math/MathML" alttext="A">
  <mi>A</mi>
</math>，滿足向量 <math xmlns="http://www.w3.org/1998/Math/MathML" alttext="\overset{\rightharpoonup}{OP}">
  <mover>
    <mrow>
      <mi>O</mi>
      <mi>P</mi>
    </mrow>
    <mo stretchy="false">⇀<!-- ⇀ --></mo>
  </mover>
</math> 與 <math xmlns="http://www.w3.org/1998/Math/MathML" alttext="\overset{\rightharpoonup}{OA}">
  <mover>
    <mrow>
      <mi>O</mi>
      <mi>A</mi>
    </mrow>
    <mo stretchy="false">⇀<!-- ⇀ --></mo>
  </mover>
</math> 平行</simpleChoice>
      <simpleChoice identifier="r_1_2" xmlns="http://www.imsglobal.org/xsd/imsqti_v2p1">在直線 <math xmlns="http://www.w3.org/1998/Math/MathML" alttext="L">
  <mi>L</mi>
</math> 上可以找到一點 <math xmlns="http://www.w3.org/1998/Math/MathML" alttext="B">
  <mi>B</mi>
</math>，滿足向量 <math xmlns="http://www.w3.org/1998/Math/MathML" alttext="\overset{\rightharpoonup}{OP}">
  <mover>
    <mrow>
      <mi>O</mi>
      <mi>P</mi>
    </mrow>
    <mo stretchy="false">⇀<!-- ⇀ --></mo>
  </mover>
</math> 與 <math xmlns="http://www.w3.org/1998/Math/MathML" alttext="\overset{\rightharpoonup}{OB}">
  <mover>
    <mrow>
      <mi>O</mi>
      <mi>B</mi>
    </mrow>
    <mo stretchy="false">⇀<!-- ⇀ --></mo>
  </mover>
</math> 垂直</simpleChoice>
      <simpleChoice identifier="r_1_3" xmlns="http://www.imsglobal.org/xsd/imsqti_v2p1">在直線 <math xmlns="http://www.w3.org/1998/Math/MathML" alttext="L">
  <mi>L</mi>
</math> 上可以找到一點 <math xmlns="http://www.w3.org/1998/Math/MathML" alttext="C">
  <mi>C</mi>
</math>，滿足向量 <math xmlns="http://www.w3.org/1998/Math/MathML" alttext="\overset{\rightharpoonup}{OC}">
  <mover>
    <mrow>
      <mi>O</mi>
      <mi>C</mi>
    </mrow>
    <mo stretchy="false">⇀<!-- ⇀ --></mo>
  </mover>
</math> 與 <math xmlns="http://www.w3.org/1998/Math/MathML" alttext="\overset{\rightharpoonup}{PC}">
  <mover>
    <mrow>
      <mi>P</mi>
      <mi>C</mi>
    </mrow>
    <mo stretchy="false">⇀<!-- ⇀ --></mo>
  </mover>
</math> 垂直</simpleChoice>
      <simpleChoice identifier="r_1_4" xmlns="http://www.imsglobal.org/xsd/imsqti_v2p1">在直線 <math xmlns="http://www.w3.org/1998/Math/MathML" alttext="L">
  <mi>L</mi>
</math> 上可以找到一點 <math xmlns="http://www.w3.org/1998/Math/MathML" alttext="D">
  <mi>D</mi>
</math>，滿足 <math xmlns="http://www.w3.org/1998/Math/MathML" alttext="\overline{PD}=2">
  <mover>
    <mrow>
      <mi>P</mi>
      <mi>D</mi>
    </mrow>
    <mo accent="false">¯<!-- ¯ --></mo>
  </mover>
  <mo>=</mo>
  <mn>2</mn>
</math></simpleChoice>
      <simpleChoice identifier="r_1_5" xmlns="http://www.imsglobal.org/xsd/imsqti_v2p1">在直線 <math xmlns="http://www.w3.org/1998/Math/MathML" alttext="L">
  <mi>L</mi>
</math> 上可以找到一點 <math xmlns="http://www.w3.org/1998/Math/MathML" alttext="E">
  <mi>E</mi>
</math>，滿足 <math xmlns="http://www.w3.org/1998/Math/MathML" alttext="\triangle EOP">
  <mi mathvariant="normal">△<!-- △ --></mi>
  <mi>E</mi>
  <mi>O</mi>
  <mi>P</mi>
</math> 為等腰三角形</simpleChoice>
    </choiceInteraction>
  </itemBody>
    <responseProcessing xmlns="http://www.imsglobal.org/xsd/imsqti_v2p1">
    <responseCondition>
          <responseIf>
            <isNull>
              <variable identifier="r_1"/>
            </isNull>
            <setOutcomeValue identifier="SCORE_1">
             <sum>
              <variable identifier="SCORE_1"/>
              <baseValue baseType="float">0.0</baseValue>
             </sum>
            </setOutcomeValue>
          </responseIf>
          <responseElse>
            <setOutcomeValue identifier="SCORE_1">
             <sum>
              <variable identifier="SCORE_1"/>
              <max>
                <baseValue baseType="float">0.0</baseValue>
                <product>
                  <baseValue baseType="float">8</baseValue>
                  <subtract>
                    <baseValue baseType="float">1.0</baseValue>
                    <divide>
                      <product>
                        <baseValue baseType="float">2.0</baseValue>
                        <subtract>
                          <baseValue baseType="float">3</baseValue>
                          <mapResponse identifier="r_1"/>
                        </subtract>
                      </product>
                      <baseValue baseType="float">5</baseValue>
                    </divide>
                  </subtract>
                </product>
              </max>
              </sum>
            </setOutcomeValue>
          </responseElse>
          </responseCondition><setOutcomeValue identifier="SCORE">
        <sum>
        <variable identifier="SCORE"/>
        <variable identifier="SCORE_1"/>
        </sum>
      </setOutcomeValue></responseProcessing>
    </assessmentItem>