<assessmentItem xmlns="http://www.imsglobal.org/xsd/imsqti_v2p1" xmlns:xsi="http://www.w3.org/2001/XMLSchema-instance" xsi:schemaLocation="http://www.imsglobal.org/xsd/imsqti_v2p1  http://www.imsglobal.org/xsd/qti/qtiv2p2/imsqti_v2p1.xsd" identifier="sat2_his_2016_33" title="sat2_his_2016_33" adaptive="false" timeDependent="false">
    <responseDeclaration identifier="r_1" cardinality="single" baseType="identifier">
        <correctResponse><value>r_1_A</value></correctResponse>
        <mapping defaultValue="0"><mapEntry mapKey="r_1_A" mappedValue="2"/></mapping>
       </responseDeclaration>
    <outcomeDeclaration identifier="SCORE" cardinality="single" baseType="float">
      <defaultValue>
        <value>0</value>
      </defaultValue>
    </outcomeDeclaration>
    <outcomeDeclaration identifier="SCORE_1" cardinality="single" baseType="float">
      <defaultValue>
        <value>0</value>
      </defaultValue>
      </outcomeDeclaration>
    <stylesheet href="styles/style.css" type="text/css"/>
    <itemBody xmlns="http://www.imsglobal.org/xsd/imsqti_v2p1">
    
    <p>近代早期，歐洲遠洋貿易商須攜帶大批白銀到亞洲地區，以交換當地的珍貴商品，如香料、 絲綢、瓷器等。下表是 1581 年到 1670 年間，歐洲某三國流入亞洲白銀數量（單位：噸）的統計表。 根據表中資料內容判斷，乙國最可能是指哪一國？
    </p>
    <table class="table">
      <tbody>
        <tr>
          <td>年份 </td>          <td>甲國 </td>          <td>乙國 </td>          <td>丙國 </td>
        </tr>
        <tr>
          <td>1581-1590</td>          <td>8.6 </td>          <td> </td>          <td> </td>
        </tr>
        <tr>
          <td>1591-1600</td>          <td>? </td>          <td> </td>          <td> </td>
        </tr>
        <tr>
          <td>1601-1610</td>          <td>5.9 </td>          <td>5.7 </td>          <td>1.3 </td>
        </tr>
        <tr>
          <td>1611-1620</td>          <td>4.7 </td>          <td>10.9 </td>          <td>4.7 </td>
        </tr>
        <tr>
          <td>1621-1630</td>          <td>4.4 </td>          <td>12.7 </td>          <td>7.7 </td>
        </tr>
        <tr>
          <td>1631-1640</td>          <td> </td>          <td>8.7 </td>          <td>5.5 </td>
        </tr>
        <tr>
          <td>1641-1650</td>          <td> </td>          <td>9.5 </td>          <td>? </td>
        </tr>
        <tr>
          <td>1651-1660</td>          <td> </td>          <td>8.6 </td>          <td>? </td>
        </tr>
        <tr>
          <td>1661-1670</td>          <td> </td>          <td>11.8 </td>          <td>9.9 </td>
        </tr>
      </tbody>
    </table>
    <choiceInteraction responseIdentifier="r_1" shuffle="false" maxChoices="1">
      <simpleChoice identifier="r_1_A">荷蘭</simpleChoice>
      <simpleChoice identifier="r_1_B">葡萄牙</simpleChoice>
      <simpleChoice identifier="r_1_C">英格蘭</simpleChoice>
      <simpleChoice identifier="r_1_D">義大利</simpleChoice>
    </choiceInteraction>
  </itemBody>
    <responseProcessing>
    <responseCondition>
          <responseIf>
            <not>
              <isNull>
                <variable identifier="r_1"/>
              </isNull>
            </not>
            <setOutcomeValue identifier="SCORE_1">
              <sum>
                <variable identifier="SCORE_1"/>
                <mapResponse identifier="r_1"/>
              </sum>
            </setOutcomeValue>
          </responseIf>
          </responseCondition><setOutcomeValue identifier="SCORE">
        <sum>
        <variable identifier="SCORE"/>
        <variable identifier="SCORE_1"/>
        </sum>
      </setOutcomeValue></responseProcessing>
    </assessmentItem>