<assessmentItem xmlns="http://www.imsglobal.org/xsd/imsqti_v2p1" xmlns:xsi="http://www.w3.org/2001/XMLSchema-instance" xsi:schemaLocation="http://www.imsglobal.org/xsd/imsqti_v2p1  http://www.imsglobal.org/xsd/qti/qtiv2p2/imsqti_v2p1.xsd" identifier="sat2_geo_2016_04" title="sat2_geo_2016_04" adaptive="false" timeDependent="false">
    <responseDeclaration identifier="r_1" cardinality="single" baseType="identifier">
        <correctResponse><value>r_1_C</value></correctResponse>
        <mapping defaultValue="0"><mapEntry mapKey="r_1_C" mappedValue="2"/></mapping>
       </responseDeclaration>
    <outcomeDeclaration identifier="SCORE" cardinality="single" baseType="float">
      <defaultValue>
        <value>0</value>
      </defaultValue>
    </outcomeDeclaration>
    <outcomeDeclaration identifier="SCORE_1" cardinality="single" baseType="float">
      <defaultValue>
        <value>0</value>
      </defaultValue>
      </outcomeDeclaration>
    <stylesheet href="styles/style.css" type="text/css"/>
    <itemBody xmlns="http://www.imsglobal.org/xsd/imsqti_v2p1">
    
    <p>
      圖為2013年依據某組織公布的日本、中國、美國、臺灣二氧化碳總排放量與人均二氧化碳排放量資料。 圖中哪些國家的最大工業區，位於該國東岸的沿海地帶且面臨太平洋或其緣海？
      <br/>
      <img src="images/carbonemission.png" alt="碳排放量"/>
    </p>
    <choiceInteraction responseIdentifier="r_1" shuffle="false" maxChoices="1">
      <simpleChoice identifier="r_1_A">甲乙</simpleChoice>
      <simpleChoice identifier="r_1_B">甲丙</simpleChoice>
      <simpleChoice identifier="r_1_C">乙丁</simpleChoice>
      <simpleChoice identifier="r_1_D">丙丁</simpleChoice>
    </choiceInteraction>
  </itemBody>
    <responseProcessing>
    <responseCondition>
          <responseIf>
            <not>
              <isNull>
                <variable identifier="r_1"/>
              </isNull>
            </not>
            <setOutcomeValue identifier="SCORE_1">
              <sum>
                <variable identifier="SCORE_1"/>
                <mapResponse identifier="r_1"/>
              </sum>
            </setOutcomeValue>
          </responseIf>
          </responseCondition><setOutcomeValue identifier="SCORE">
        <sum>
        <variable identifier="SCORE"/>
        <variable identifier="SCORE_1"/>
        </sum>
      </setOutcomeValue></responseProcessing>
    </assessmentItem>